<?xml version="1.0" encoding="UTF-8"?>
<project-private xmlns="http://www.netbeans.org/ns/project-private/1">
    <editor-bookmarks xmlns="http://www.netbeans.org/ns/editor-bookmarks/2" lastBookmarkId="0"/>
    <open-files xmlns="http://www.netbeans.org/ns/projectui-open-files/2">
        <group>
            <file>file:/E:/PROJECT/I2_MapReduce%20Hospital/I2_MapReduce%20Hospital/src/java/com/addingDatabases/MainCollection.java</file>
            <file>file:/E:/PROJECT/I2_MapReduce%20Hospital/I2_MapReduce%20Hospital/nbproject/build-impl.xml</file>
        </group>
    </open-files>
</project-private>
